Species,Species.abbr,Age.Ma.avg,Species.Name,Species name adjusted to 10kTrees,Species name in Perelman tree ,Subfamily,Family,ExtantOrFossil,EncephalizationGroup,logECV,logBodyMass,ECV,N ECV,Sex ECV,Source ECV,BodyMass,N Body mass,Sex Body mass,Source Body mass,Original source Body mass
Allenopithecus nigroviridis,,,Allenopithecus_nigroviridis,Allenopithecus_nigroviridis,Allenopithecus_nigroviridis,Cercopithecinae,Cercopithecidae,Extant,Ancestral,1.729950392,3.50242712,53.69704571,7,fem,Isler et al. 2008,3180,1,fem,Isler et al. 2008,Smith&Jungers 1997
Allocebus trichotis,,,Allocebus_trichotis,Allocebus_trichotis,Allocebus_trichotis,,Cheirogaleidae,Extant,Ancestral,,,,,,,,,,,
Alouatta arctoidea,,,Alouatta_arctoidea,Alouatta_arctoidea,Alouatta_arctoidea,Alouattinae,Atelidae,Extant,Ancestral,,,,,,,,,,,
Alouatta belzebul,,,Alouatta_belzebul,Alouatta_belzebul,Alouatta_belzebul,Alouattinae,Atelidae,Extant,Ancestral,1.707083299,3.742332282,50.94285714,14,fem,van Woerden compilation,5525,26,fem,Isler et al. 2008,Ford and Davis 1992 in Smith and Jungers 1997
Alouatta caraya,,,Alouatta_caraya,Alouatta_caraya,Alouatta_caraya,Alouattinae,Atelidae,Extant,Ancestral,1.692223855,3.627365857,49.22932199,6,fem,van Woerden compilation,4240,5,fem,Isler et al. 2008 (matching),matching ECV
Alouatta discolor,,,Alouatta_discolor,Alouatta_discolor,Alouatta_discolor,Alouattinae,Atelidae,Extant,Ancestral,,,,,,,,,,,
Alouatta guariba,,,Alouatta_guariba,Alouatta_guariba,Alouatta_guariba,Alouattinae,Atelidae,Extant,Ancestral,1.685781071,3.658011397,48.50439263,9,fem,van Woerden compilation,4550,3,fem,Isler et al. 2008,matching ECV
Alouatta juara,,,Alouatta_juara,Alouatta_juara,Alouatta_juara,Alouattinae,Atelidae,Extant,Ancestral,,,,,,,,,,,
Alouatta macconnelli,,,Alouatta_macconnelli,Alouatta_macconnelli,Alouatta_macconnelli,Alouattinae,Atelidae,Extant,Ancestral,1.72966336,,53.66156815,1,fem,van Woerden compilation,,,,,
Alouatta palliata,,,Alouatta_palliata,Alouatta_palliata,Alouatta_palliata,Alouattinae,Atelidae,Extant,Ancestral,1.68944861,3.728353782,48.915738,30,fem,van Woerden compilation,5350,177,fem,Isler et al. 2008,Peres 1994 in Smith and Jungers 1997
Alouatta pigra,,,Alouatta_pigra,Alouatta_pigra,Alouatta_pigra,Alouattinae,Atelidae,Extant,Ancestral,1.691744369,3.748808005,49.175,20,fem,van Woerden compilation,5608,40,fem,Glander in ATWP 2011,
Alouatta sara,,,Alouatta_sara,Alouatta_sara,Alouatta_sara,Alouattinae,Atelidae,Extant,Ancestral,1.753965866,,56.75,2,fem,van Woerden compilation,,,,,
Alouatta seniculus,,,Alouatta_seniculus,Alouatta_seniculus,Alouatta_seniculus,Alouattinae,Atelidae,Extant,Ancestral,1.742636833,3.716837723,55.28875791,39,fem,van Woerden compilation,5210,76,fem,Isler et al. 2008,"Ayres 86, Rudran 79, Braza et al 83, Hernandez-Camacho&Defler 85 in Smith and Jungers 1997"
Aotus azarae,,,Aotus_azarae,Aotus_azarai,Aotus_azarae,,Aotidae,Extant,Ancestral,1.304036554,3.096910013,20.1389375,8,all individuals,van Woerden compilation,1250,55,all individuals,Fernandez-Duque 2004 in same 07,
Aotus miconax,,,Aotus_miconax,Aotus_miconax,Aotus_miconax,,Aotidae,Extant,Ancestral,1.22160051,,16.65714286,7,all individuals,van Woerden compilation,,,,,
Aotus nancymaae,,,Aotus_nancymaae,Aotus_nancymaae,Aotus_nancymae,,Aotidae,Extant,Ancestral,1.252549647,2.895974732,17.8875,8,all individuals,van Woerden compilation,787,56,all individuals,Aquino and Encarnacion 1986b inFernandez-Duque 07,
Aotus nigriceps,,,Aotus_nigriceps,Aotus_nigriceps,Aotus_nigriceps,,Aotidae,Extant,Ancestral,1.245288284,2.981365509,17.59090909,11,all individuals,van Woerden compilation,958,3,all individuals,Isler et al. 2008,Peres 1993 in Smith and Jungers 1997
Aotus trivirgatus,,,Aotus_trivirgatus,Aotus_trivirgatus,Aotus_trivirgatus,,Aotidae,Extant,Ancestral,1.205897042,2.995145057,16.06560342,22,all individuals,van Woerden compilation,988.8833333,12,all individuals,van Woerden compilation (matching),matching ECV
Aotus vociferans,,,Aotus_vociferans,Aotus_vociferans,Aotus_vociferans,,Aotidae,Extant,Ancestral,1.247973266,2.846955325,17.7,11,all individuals,van Woerden compilation,703,40,all individuals,Isler et al. 2008,Montoya et al. 1995  in Smith and Jungers 1997
Arctocebus aureus,,,Arctocebus_aureus,Arctocebus_aureus,Arctocebus_aureus,,Loridae,Extant,Ancestral,0.769477952,2.322219295,5.881362555,6,all individuals,van Woerden compilation,210,30,all individuals,Smith&Jungers 1997,Charles-Dominique 1977 book
Arctocebus calabarensis,,,Arctocebus_calabarensis,Arctocebus_calabarensis,Arctocebus_calabarensis,,Loridae,Extant,Ancestral,0.844190396,2.489958479,6.98538578,24,all individuals,van Woerden compilation,309,12,all individuals,Isler et al. 2008,
Ateles belzebuth,,,Ateles_belzebuth,Ateles_belzebuth,Ateles_belzebuth,Atelinae,Atelidae,Extant,Ancestral,2.052377622,3.928622598,112.8177987,21,fem,van Woerden compilation,8484.428571,7,fem,van Woerden compilation (matching),matching ECV
Ateles chamek,,,Ateles_chamek,Ateles_chamek,Ateles_chamek,Atelinae,Atelidae,Extant,Ancestral,2.042488006,,110.2777778,18,fem,van Woerden compilation,,,,,
Ateles fusciceps,,,Ateles_fusciceps,Ateles_fusciceps,Ateles_fusciceps,Atelinae,Atelidae,Extant,Ancestral,2.031608183,3.961895474,107.5494474,19,fem,van Woerden compilation,9160,11,fem,Isler et al. 2008,Crile&Quiring 40 in Smith and Jungers 1997
Ateles geoffroyi,,,Ateles_geoffroyi,Ateles_geoffroyi,Ateles_geoffroyi,Atelinae,Atelidae,Extant,Ancestral,2.014767713,3.886490725,103.4588658,32,fem,van Woerden compilation,7700,101,fem,Di Fiore and Campbell 07,
Ateles hybridus,,,Ateles_hybridus,Ateles_hybridus,Ateles_hybridus,Atelinae,Atelidae,Extant,Ancestral,2.01112305,3.878521796,102.5942569,8,fem,van Woerden compilation,7560,3,fem,van Woerden compilation (matching),matching ECV
Ateles paniscus,,,Ateles_paniscus,Ateles_paniscus,Ateles_paniscus,Atelinae,Atelidae,Extant,Ancestral,2.031677711,3.906873535,107.5666667,12,fem,van Woerden compilation,8070,49,fem,Isler et al. 2008,matching ECV
Avahi cleesei,,,Avahi_cleesei,Avahi_cleesei,Avahi_cleesei,,Indridae,Extant,Ancestral,,,,,,,,,,,
Avahi laniger,,,Avahi_laniger,Avahi_laniger,Avahi_laniger,,Indridae,Extant,Ancestral,0.978428684,3.08170727,9.515435811,37,all individuals,van Woerden compilation,1207,10,all individuals,Isler et al. 2008,
Avahi occidentalis,,,Avahi_occidentalis,Avahi_occidentalis,Avahi_occidentalis,,Indridae,Extant,Ancestral,0.900367129,,7.95,2,all individuals,van Woerden compilation,,,,,
Avahi peyrierasi,,,Avahi_peyrierasi,Avahi_peyrierasi,Avahi_peyrierasi,,Indridae,Extant,Ancestral,,,,,,,,,,,
Brachyteles arachnoides,,,Brachyteles_arachnoides,Brachyteles_arachnoides,Brachyteles_arachnoides,Atelinae,Atelidae,Extant,Ancestral,2.00878261,3.906873535,102.0428571,7,all individuals,van Woerden compilation,8070,3,fem,Isler et al. 2008,Lemos de Sa&Glander 93 in Smith and Jungers 1997
Brachyteles hypoxanthus,,,Brachyteles_hypoxanthus,Brachyteles_hypoxanthus,Brachyteles_hypoxanthus,Atelinae,Atelidae,Extant,Ancestral,,3.924279286,,,,,8400,,fem,Lemos de Sa&Glander 93,ATWP 2011
Cacajao ayresi,,,Cacajao_ayresi,Cacajao_ayresi,Cacajao_ayresi,,Pitheciidae,Extant,Ancestral,,,,,,,,,,,
Cacajao calvus,,,Cacajao_calvus,Cacajao_calvus,Cacajao_calvus,,Pitheciidae,Extant,Ancestral,1.849698541,3.459392488,70.74545455,11,fem,Isler et al. 2008,2880,2,fem,Isler et al. 2008,Ayres 1986 in Smith and Jungers 1997
Cacajao melanocephalus,,,Cacajao_melanocephalus,Cacajao_melanocephalus,Cacajao_melanocephalus,,Pitheciidae,Extant,Ancestral,1.792251572,3.361727836,61.98,5,fem,van Woerden compilation,2300,3,fem,van Woerden compilation (matching),matching ECV
Callicebus brunneus,,,Callicebus_brunneus,Callicebus_brunneus,Callicebus_brunneus,,Callicebidae,Extant,Ancestral,1.255272505,,18,1,all individuals,van Woerden compilation,,,,,
Callicebus caligatus,,,Callicebus_caligatus,Callicebus_caligatus,Callicebus_caligatus,,Callicebidae,Extant,Ancestral,1.234896746,2.944482672,17.175,4,all individuals,van Woerden compilation,880,1,all individuals,Isler et al. 2008,Smith&Jungers 1997
Callicebus cupreus,,,Callicebus_cupreus,Callicebus_cupreus,Callicebus_cupreus,,Callicebidae,Extant,Ancestral,1.24153995,2.94792362,17.43973775,14,all individuals,van Woerden compilation,887,5,all individuals,van Woerden compilation (matching),matching ECV
Callicebus discolor,,,Callicebus_discolor,Callicebus_discolor,Callicebus_discolor,,Callicebidae,Extant,Ancestral,1.230448921,,17,1,all individuals,van Woerden compilation,,,,,
Callicebus lugens,,,Callicebus_lugens,Callicebus_lugens,Callicebus_lugens,,Callicebidae,Extant,Ancestral,1.281764011,3.037426498,19.1321603,16,all individuals,van Woerden compilation,1090,10,all individuals,van Woerden compilation (matching),matching ECV
Callicebus moloch,,,Callicebus_moloch,Callicebus_moloch,Callicebus_moloch,,Callicebidae,Extant,Ancestral,1.187520721,2.994756945,15.4,3,all individuals,van Woerden compilation,988,29,all individuals,Smith&Jungers 1997,"Ayres 86, Hershkovitz 90, Ferrari&Lopes 95"
Callicebus oenanthe,,,Callicebus_oenanthe,Callicebus_oenanthe,Callicebus_oenanthe,,Callicebidae,Extant,Ancestral,1.1430148,,13.9,1,all individuals,van Woerden compilation,,,,,
Callicebus personatus,,,Callicebus_personatus,Callicebus_personatus,Callicebus_personatus,,Callicebidae,Extant,Ancestral,1.305351369,,20.2,1,all individuals,van Woerden compilation,,,,,
Callicebus torquatus,,,Callicebus_torquatus,Callicebus_torquatus,Callicebus_torquatus,,Callicebidae,Extant,Ancestral,1.296097678,3.095169351,19.77414333,6,all individuals,van Woerden compilation,1245,36,all individuals,Smith&Jungers 1997,matching ECV
Callimico goeldii,,,Callimico_goeldii,Callimico_goeldii,Callimico_goeldii,,Callitrichidae,Extant,Ancestral,1.050887039,2.598712361,11.243125,12,all individuals,van Woerden compilation,396.9285714,11,all individuals,"ATWP 2011: Porter pers comm, Encarnacion, Garber pers comm",
Callithrix aurita,,,Callithrix_aurita,Callithrix_aurita,Callithrix_aurita,,Callitrichidae,Extant,Ancestral,0.92556991,,8.425,4,all individuals,van Woerden compilation,,,,,
Callithrix flaviceps,,,Callithrix_flaviceps,Callithrix_flaviceps,Callithrix_flaviceps,,Callitrichidae,Extant,Ancestral,,,,,,,,,,,
Callithrix geoffroyi,,,Callithrix_geoffroyi,Callithrix_geoffroyi,Callithrix_geoffroyi,,Callitrichidae,Extant,Ancestral,0.990116766,2.529462438,9.775,4,all individuals,van Woerden compilation,338.425,11,all individuals,"Bicca-Marques pers obs, Ford and Davis 1992 in ATWP 2011",
Callithrix jacchus,,,Callithrix_jacchus,Callithrix_jacchus,Callithrix_jacchus,,Callitrichidae,Extant,Ancestral,0.874325619,2.505149978,7.487306625,16,all individuals,van Woerden compilation,320,155,all individuals,"Araujo 2000 in ATWP 2011, wild",
Callithrix kuhlii,,,Callithrix_kuhlii,Callithrix_kuhlii,Callithrix_kuhlii,,Callitrichidae,Extant,Ancestral,0.901642009,2.572096768,7.973371676,7,all individuals,van Woerden compilation,373.3333333,6,all individuals,van Woerden compilation (matching),
Callithrix penicillata,,,Callithrix_penicillata,Callithrix_penicillata,Callithrix_penicillata,,Callitrichidae,Extant,Ancestral,0.855333077,2.475832546,7.166928589,28,all individuals,van Woerden compilation,299.1111111,9,all individuals,van Woerden compilation (matching),matching ECV
Cebuella pygmaea,,,Cebuella_pygmaea,Callithrix_pygmaea,Cebuella_pygmaea,,Callitrichidae,Extant,Ancestral,0.622680799,2.064457989,4.1945058,20,all individuals,van Woerden compilation,116,63,all individuals,Isler et al. 2008,Soini 1988
Cebus albifrons,,,Cebus_albifrons,Cebus_albifrons,Cebus_albifrons,,Cebidae,Extant,Ancestral,1.819573119,3.303897708,66.00443516,33,fem,van Woerden compilation,2013.25,8,fem,van Woerden compilation (matching),
Cebus apella,,,Cebus_apella,Cebus_apella,Cebus_apella,,Cebidae,Extant,Ancestral,1.807102186,3.404621647,64.1360466,78,fem,van Woerden compilation,2538.76,25,fem,van Woerden compilation (matching),matching ECV
Cebus capucinus,,,Cebus_capucinus,Cebus_capucinus,Cebus_capucinus,,Cebidae,Extant,Ancestral,1.840234722,3.386766416,69.22049842,35,fem,van Woerden compilation,2436.5,6,fem,van Woerden compilation (matching),matching ECV
Cebus libidinosus,,,Cebus_libidinosus,Cebus_libidinosus,Cebus_libidinosus,,Cebidae,Extant,Ancestral,1.803822157,3.325707623,63.65348079,31,fem,Isler et al. 2008,2116.935484,31,fem,van Woerden compilation (matching),matching ECV
Cebus nigritus,,,Cebus_nigritus,Cebus_nigritus,Cebus_nigritus,,Cebidae,Extant,Ancestral,1.813127378,3.348601122,65.03203999,23,fem,Isler et al. 2008,2231.521739,23,fem,van Woerden compilation (matching),matching ECV
Cebus olivaceus,,,Cebus_olivaceus,Cebus_olivaceus,Cebus_olivaceus,,Cebidae,Extant,Ancestral,1.845633245,3.342768005,70.08631806,12,fem,van Woerden compilation,2201.75,4,fem,van Woerden compilation (matching),matching ECV
Cebus xanthosternos,,,Cebus_xanthosternos,Cebus_xanthosternos,Cebus_xanthosternos,,Cebidae,Extant,Ancestral,1.806212676,3.335792102,64.0048194,3,fem,Isler et al. 2008,2166.666667,3,fem,van Woerden compilation (matching),matching ECV
Cercocebus agilis,,,Cercocebus_agilis,Cercocebus_agilis,Cercocebus_agilis,Cercopithecinae,Cercopithecidae,Extant,Ancestral,2.004186636,,100.96867,10,fem,van Woerden compilation,,,,,
Cercocebus atys,,,Cercocebus_atys,Cercocebus_torquatus_atys,Cercocebus_atys,Cercopithecinae,Cercopithecidae,Extant,Ancestral,1.938519725,3.792391689,86.8,10,fem,Isler et al. 2008,6200,4,fem,Isler et al. 2008,Oates et al. 1990 in Smith and Jungers 1997
Cercocebus galeritus,,,Cercocebus_galeritus,Cercocebus_galeritus,Cercocebus_galeritus,Cercopithecinae,Cercopithecidae,Extant,Ancestral,1.979262119,3.568201724,95.33714,1,fem,van Woerden compilation,3700,1,fem,Wieczkowski&Butynski in press in ATWP 2011,
Cercocebus torquatus,,,Cercocebus_torquatus,Cercocebus_torquatus,Cercocebus_torquatus,Cercopithecinae,Cercopithecidae,Extant,Ancestral,1.970726729,3.752624563,93.4817275,4,fem,van Woerden compilation,5657.5,,fem,"various, ATWP 2011 (captives excluded)",
Cercopithecus ascanius,,,Cercopithecus_ascanius,Cercopithecus_ascanius,Cercopithecus_ascanius,cephus group,Cercopithecidae,Extant,Ancestral,1.753461847,3.462547729,56.68417725,25,fem,van Woerden compilation,2901,3,fem,van Woerden compilation (matching),matching ECV
Cercopithecus campbelli,,,Cercopithecus_campbelli,Cercopithecus_campbelli,Cercopithecus_campbelli,mona group,Cercopithecidae,Extant,Ancestral,1.732912064,3.373916833,54.06448422,27,fem,van Woerden compilation,2365.466667,15,fem,van Woerden compilation (matching),matching ECV
Cercopithecus campbelli lowei,,,Cercopithecus_campbelli_lowei,Cercopithecus_campbelli_lowei,Cercopithecus_campbelli_lowei,mona group,Cercopithecidae,Extant,Ancestral,1.709153544,3.32159843,51.18627713,6,fem,van Woerden compilation,2097,6,fem,van Woerden compilation (matching),
Cercopithecus cephus,,,Cercopithecus_cephus,Cercopithecus_cephus,Cercopithecus_cephus,cephus group,Cercopithecidae,Extant,Ancestral,1.782313292,3.459392488,60.57777137,17,fem,van Woerden compilation,2880,10,fem,Isler et al. 2008,"Malbrant&Maclatchy 1949, Gautier-Hion&Gautier 76 in Smith and Jungers 1997"
Cercopithecus diana,,,Cercopithecus_diana,Cercopithecus_diana,Cercopithecus_diana,diana group,Cercopithecidae,Extant,Ancestral,1.758100481,3.591064607,57.29285714,14,fem,van Woerden compilation,3900,11,fem,Isler et al. 2008,Oates et al. 1990 in Smith and Jungers 1997
Cercopithecus erythrogaster,,,Cercopithecus_erythrogaster,Cercopithecus_erythrogaster,Cercopithecus_erythrogaster,cephus group,Cercopithecidae,Extant,Ancestral,,3.462397998,,,,,2900,,fem,"Smith and Jungers 1997 (n unknown, from graph in Haltenorth and Diller 1980)",
Cercopithecus hamlyni,,,Cercopithecus_hamlyni,Cercopithecus_hamlyni,Cercopithecus_hamlyni,hamlyni group,Cercopithecidae,Extant,Ancestral,1.791456717,,61.86666667,3,fem,van Woerden compilation,,,,,
Cercopithecus lhoesti,,,Cercopithecus_lhoesti,Cercopithecus_lhoesti,Cercopithecus_lhoesti,lhoesti group,Cercopithecidae,Extant,Ancestral,1.820380612,3.537819095,66.12727273,11,fem,van Woerden compilation,3450,50,fem,Isler et al. 2008,Smith and Jungers 1997
Cercopithecus mitis,,,Cercopithecus_mitis,Cercopithecus_mitis,Cercopithecus_mitis,mitis group,Cercopithecidae,Extant,Ancestral,1.81705747,3.59439255,65.62320991,57,fem,van Woerden compilation,3930,41,fem,Colyn 1994,in Smith and Jungers 1997
Cercopithecus mona,,,Cercopithecus_mona,Cercopithecus_mona,Cercopithecus_mona,mona group,Cercopithecidae,Extant,Ancestral,1.752048448,3.505149978,56.5,9,fem,van Woerden compilation,3200,4,fem,"diverse in ATWP 2011, few values",
Cercopithecus neglectus,,,Cercopithecus_neglectus,Cercopithecus_neglectus,Cercopithecus_neglectus,neglectus group,Cercopithecidae,Extant,Ancestral,1.784344662,3.550228353,60.86178173,12,fem,Isler et al. 2008,3550,3,fem,Colyn 1974 in ATWP 2011,
Cercopithecus nictitans,,,Cercopithecus_nictitans,Cercopithecus_nictitans,Cercopithecus_nictitans,mitis group,Cercopithecidae,Extant,Ancestral,1.831420694,3.629409599,67.82982456,19,fem,van Woerden compilation,4260,30,fem,Isler et al. 2008,Smith&Jungers 1997
Cercopithecus petaurista,,,Cercopithecus_petaurista,Cercopithecus_petaurista,Cercopithecus_petaurista,cephus group,Cercopithecidae,Extant,Ancestral,1.722208387,3.465112347,52.74829021,28,fem,van Woerden compilation,2918.181818,11,fem,van Woerden compilation (matching),matching ECV
Cercopithecus pogonias,,,Cercopithecus_pogonias,Cercopithecus_pogonias,Cercopithecus_pogonias,mona group,Cercopithecidae,Extant,Ancestral,1.760374609,3.46834733,57.59365079,21,fem,van Woerden compilation,2940,10,fem,Isler et al. 2008,Gautier Hion 1999
Cercopithecus pogonias wolfi,,,Cercopithecus_pogonias_wolfi,Cercopithecus_pogonias_wolfi,Cercopithecus_pogonias_wolfi,mona group,Cercopithecidae,Extant,Ancestral,1.728353782,3.457881897,53.5,1,fem,van Woerden compilation,2870,120,fem,Isler et al. 2008,Smith&Jungers 1997
Cercopithecus preussi,,,Cercopithecus_preussi,Cercopithecus_preussi,Cercopithecus_preussi,lhoesti group,Cercopithecidae,Extant,Ancestral,1.797959644,,62.8,2,fem,van Woerden compilation,,,,,
Cheirogaleus major,,,Cheirogaleus_major,Cheirogaleus_major,Cheirogaleus_major,,Cheirogaleidae,Extant,Ancestral,0.751685808,2.602059991,5.645284167,24,all individuals,van Woerden compilation,400,9,all individuals,Isler et al. 2008,
Cheirogaleus medius,,,Cheirogaleus_medius,Cheirogaleus_medius,Cheirogaleus_medius,,Cheirogaleidae,Extant,Ancestral,0.405463194,2.144574208,2.543684211,19,all individuals,van Woerden compilation,139.5,99,all individuals,Isler et al. 2008,
Chiropotes albinasus,,,Chiropotes_albinasus,Chiropotes_albinasus,Chiropotes_albinasus,,Pitheciidae,Extant,Ancestral,1.760723972,3.454311188,57.64,5,all individuals,van Woerden compilation,2846.5,10,all individuals,"Ayres 1981, 1989 in Norconk 07",
Chiropotes chiropotes,,,Chiropotes_chiropotes,Chiropotes_chiropotes,Chiropotes_chiropotes,,Pitheciidae,Extant,Ancestral,1.739316727,3.40881136,54.86769637,32,all individuals,van Woerden compilation,2563.37037,27,all individuals,van Woerden compilation (matching),matching ECV
Chiropotes satanas,,,Chiropotes_satanas,Chiropotes_satanas,Chiropotes_satanas,,Pitheciidae,Extant,Ancestral,1.693786584,3.481442629,49.40678381,21,all individuals,van Woerden compilation,3030,9,all individuals,Hershkovitz 1985 in Smith and Jungers 1997 (this body mass from Surinam specimens most probably refers to C. chiropotes),
Chiropotes utahickae,,,Chiropotes_utahickae,Chiropotes_utahickae,Chiropotes_utahickae,,Pitheciidae,Extant,Ancestral,,,,,,,,,,,
Chlorocebus aethiops,,,Chlorocebus_aethiops,Chlorocebus_aethiops,Chlorocebus_aethiops,Cercopithecinae,Cercopithecidae,Extant,Ancestral,1.765273372,3.55337322,58.24697454,27,fem,van Woerden compilation,3575.8,30,fem,van Woerden compilation,matching ECV
Chlorocebus djamdjamensis,,,Chlorocebus_djamdjamensis,Chlorocebus_djamdjamensis,Chlorocebus_djamdjamensis,Cercopithecinae,Cercopithecidae,Extant,Ancestral,,,,,,,,,,,
Chlorocebus pygerythrus,,,Chlorocebus_pygerythrus,Chlorocebus_pygerythrus,Chlorocebus_pygerythrus,Cercopithecinae,Cercopithecidae,Extant,Ancestral,1.777571457,3.55337322,59.91995201,34,fem,van Woerden compilation,3575.8,30,fem,van Woerden compilation (matching),matching ECV
Chlorocebus sabaeus,,,Chlorocebus_sabaeus,Chlorocebus_sabaeus,Chlorocebus_sabaeus,Cercopithecinae,Cercopithecidae,Extant,Ancestral,1.768362877,3.568201724,58.66281204,3,fem,Isler et al. 2008,3700,1,fem,Isler et al. 2008 (matching),matching ECV
Colobus angolensis,,,Colobus_angolensis,Colobus_angolensis,Colobus_angolensis,Colobinae,Cercopithecidae,Extant,Ancestral,1.859138297,3.87909588,72.3,18,female,Isler et al. 2008,7570,11,fem,Isler et al. 2008,"Oates et al. 94, Colyn 94 in Smith and Jungers 1997"
Colobus guereza,,,Colobus_guereza,Colobus_guereza,Colobus_guereza,Colobinae,Cercopithecidae,Extant,Ancestral,1.857331835,3.875387895,71.99989034,32,fem,van Woerden compilation,7505.642857,14,fem,van Woerden compilation (matching),matching ECV
Colobus polykomos,,,Colobus_polykomos,Colobus_polykomos,Colobus_polykomos,Colobinae,Cercopithecidae,Extant,Ancestral,1.851107259,3.826648544,70.9753036,28,fem,van Woerden compilation,6708.857143,7,fem,van Woerden compilation (matching),matching ECV
Colobus satanas,,,Colobus_satanas,Colobus_satanas,Colobus_satanas,Colobinae,Cercopithecidae,Extant,Ancestral,1.856124444,3.870403905,71.8,4,female,Isler et al. 2008,7420,5,fem,Isler et al. 2008,"Malbrant&Maclatchy 49, Sabater Pi 73, Oates et al. 94 in Smith and Jungers 1997"
Colobus vellerosus,,,Colobus_vellerosus,Colobus_vellerosus,Colobus_vellerosus,Colobinae,Cercopithecidae,Extant,Ancestral,1.848836661,3.858537198,70.60519575,8,fem,van Woerden compilation,7220,5,fem,van Woerden compilation (matching),matching ECV
Daubentonia madagascariensis,,,Daubentonia_madagascariensis,Daubentonia_madagascariensis,Daubentonia_madagascariensis,,Daubentoniidae,Extant,Ancestral,1.650304094,3.414095521,44.69964705,11,all individuals,Isler et al. 2008,2594.75,20,all individuals,Feistner & Sterling 1997,ATWP 2011
Erythrocebus patas,,,Erythrocebus_patas,Erythrocebus_patas,Erythrocebus_patas,Cercopithecinae,Cercopithecidae,Extant,Ancestral,1.94237987,3.812913357,87.57494429,7,fem,Isler et al. 2008,6500,14,fem,Isler et al. 2008,Galat-Luong 1996 in Smith&Jungers 1997
Eulemur albifrons,,,Eulemur_albifrons,Eulemur_fulvus_albifrons,Eulemur_albifrons,,Lemuridae,Extant,Ancestral,1.362094984,3.338705444,23.01945217,23,all individuals,van Woerden compilation,2181.25,10,all individuals,Toborowski unpublished in ATWP 2011,
Eulemur collaris,,,Eulemur_collaris,Eulemur_fulvus_collaris,Eulemur_collaris,,Lemuridae,Extant,Ancestral,1.359556498,3.331123488,22.88529412,34,all individuals,van Woerden compilation,2143.5,21,all individuals,Donati 2007 in ATWP 2011,
Eulemur coronatus,,,Eulemur_coronatus,Eulemur_coronatus,Eulemur_coronatus,,Lemuridae,Extant,Ancestral,1.296309332,3.071882007,19.78378267,15,all individuals,van Woerden compilation,1180,4,all individuals,Isler et al. 2008,Terranova&Coffman 1997 (wild) in Smith and Jungers 1997
Eulemur flavifrons,,,Eulemur_flavifrons,,,,Lemuridae,Extant,Ancestral,,,,,,,,,,,
Eulemur fulvus,,,Eulemur_fulvus,Eulemur_fulvus_fulvus,Eulemur_fulvus,,Lemuridae,Extant,Ancestral,1.391953156,3.250807988,24.65773361,20,all individuals,van Woerden compilation,1781.590909,11,all individuals,"Pastorini, pers comm; Rasmussen 1999 in ATWP 2011",
Eulemur macaco,,,Eulemur_macaco,Eulemur_macaco_macaco,Eulemur_macaco,,Lemuridae,Extant,Ancestral,1.367773968,3.286560931,23.32243913,23,all individuals,van Woerden compilation,1934.465241,27,all individuals,"Bayart and Simmen 2005, Junge and Louis 2007, wild, in ATWP 2011",
Eulemur mongoz,,,Eulemur_mongoz,Eulemur_mongoz,Eulemur_mongoz,,Lemuridae,Extant,Ancestral,1.276183598,3.083658786,18.88789667,24,all individuals,van Woerden compilation,1212.435897,22,all individuals,Isler et al. 2008,"Pastorini, pers comm"
Eulemur rubriventer,,,Eulemur_rubriventer,Eulemur_rubriventer,Eulemur_rubriventer,,Lemuridae,Extant,Ancestral,1.378632679,3.292256071,23.91292376,28,all individuals,van Woerden compilation,1960,29,all individuals,Isler et al. 2008,
Eulemur rufifrons,,,Eulemur_rufifrons,Eulemur_rufifrons,Eulemur_rufifrons,,Lemuridae,Extant,Ancestral,,,,,,,,,,,
Eulemur rufus,,,Eulemur_rufus,Eulemur_fulvus_rufus,Eulemur_rufus,,Lemuridae,Extant,Ancestral,1.352967444,3.258876629,22.54070235,34,all individuals,van Woerden compilation,1815,10,all individuals,Gerson 2001 in ATWP 2011,
Eulemur sanfordi,,,Eulemur_sanfordi,,,,Lemuridae,Extant,Ancestral,1.335792102,,21.66666667,3,all individuals,van Woerden compilation,,,,,
Euoticus elegantulus,,,Euoticus_elegantulus,Euoticus_elegantulus,Euoticus_elegantulus,,Galagidae,Extant,Ancestral,0.736176752,2.437750563,5.447243037,27,all individuals,van Woerden compilation,274,8,all individuals,Isler et al. 2008,Chivers & Hladik 1989 in Smith and Jungers 1997
Euoticus pallidus,,,Euoticus_pallidus,Euoticus_pallidus,Euoticus_pallidus,,Galagidae,Extant,Ancestral,0.714805304,2.404320467,5.185675111,9,all individuals,Isler et al. 2008,253.7,3,all individuals,Jewell and Oates 1969 in ATWP 2011,
Galago gallarum,,,Galago_gallarum,Galago_gallarum,Galago_gallarum,,Galagidae,Extant,Ancestral,0.635483747,2.301029996,4.32,5,all individuals,van Woerden compilation,200,1,all individuals,Smith&Jungers 1997,J. Masters pc
Galago moholi,,,Galago_moholi,Galago_moholi,Galago_moholi,,Galagidae,Extant,Ancestral,0.565038,2.171372724,3.673144385,70,all individuals,van Woerden compilation,148.379097,49,all individuals,Isler et al. 2008 (matching),matching ECV
Galago senegalensis,,,Galago_senegalensis,Galago_senegalensis,Galago_senegalensis,,Galagidae,Extant,Ancestral,0.596766185,2.288181913,3.951538204,216,all individuals,van Woerden compilation,194.1699029,193,all individuals,Isler et al. 2008 (matching),matching ECV
Galagoides cocos,,,Galagoides_cocos,Galagoides_cocos,Galagoides_cocos,,Galagidae,Extant,Ancestral,,2.156851901,,,,,143.5,73,all individuals,Nekaris & Bearder 2007,
Galagoides demidovii,,,Galagoides_demidovii,Galagoides_demidoff,Galagoides_demidovii,,Galagidae,Extant,Ancestral,0.420514916,1.873025772,2.633388386,58,all individuals,van Woerden compilation,74.64930556,43,all individuals,Isler et al. 2008,
Galagoides granti,,,Galagoides_granti,,,,Galagidae,Extant,Ancestral,0.610000557,,4.073808,1,all individuals,van Woerden compilation,,,,,
Galagoides rondoensis,,,Galagoides_rondoensis,,,,Galagidae,Extant,Ancestral,,,,,,,,,,,
Galagoides thomasi,,,Galagoides_thomasi,Galagoides_thomasi,Galagoides_thomasi,,Galagidae,Extant,Ancestral,0.450636079,1.892094603,2.822513833,6,all individuals,van Woerden compilation,78,12,all individuals,Nekaris & Bearder 2007,Ambrose 1999
Galagoides zanzibaricus,,,Galagoides_zanzibaricus,Galagoides_zanzibaricus,Galagoides_zanzibaricus,,Galagidae,Extant,Ancestral,0.615823268,2.155336037,4.1287945,10,all individuals,van Woerden compilation,143,72,all individuals,Isler et al. 2008,Harcourt & Bearder 1989 in Smith and Jungers 1997
Gorilla beringei,,,Gorilla_beringei,Gorilla_beringei,Gorilla_beringei,,Gorillidae,Extant,Ancestral,2.659102976,4.989004616,456.14506,10,fem,van Woerden compilation,97500,1,fem,Isler et al. 2008,"Jungers & Susman 84, Groves p.c"
Gorilla gorilla,,,Gorilla_gorilla,Gorilla_gorilla_gorilla,Gorilla_gorilla,,Gorillidae,Extant,Ancestral,2.637224763,4.854306042,433.7352941,34,fem,van Woerden compilation,71500,3,fem,Isler et al. 2008,"Jungers & Susman 84, Groves p.c"
Hapalemur alaotrensis,,,Hapalemur_alaotrensis,Hapalemur_griseus_alaotrensis,Hapalemur_alaotrensis,,Lemuridae,Extant,Ancestral,1.161368002,3.093071306,14.5,2,all individuals,van Woerden compilation,1239,,all individuals,Mutschler 1999,
Hapalemur aureus,,,Hapalemur_aureus,Hapalemur_aureus,Hapalemur_aureus,,Lemuridae,Extant,Ancestral,,3.156700553,,,,,1434.5,13,all individuals,Tan 2000 in ATWP 2011,
Hapalemur griseus,,,Hapalemur_griseus,Hapalemur_griseus,Hapalemur_griseus,,Lemuridae,Extant,Ancestral,1.139105833,2.961159964,13.77545122,41,all individuals,van Woerden compilation,914.45,25,all individuals,Tan pers obs. in ATWP 2011,
Hapalemur occidentalis,,,Hapalemur_occidentalis,Hapalemur_griseus_occidentalis,Hapalemur_occidentalis,,Lemuridae,Extant,Ancestral,1.138302698,,13.75,2,all individuals,van Woerden compilation,,,,,
Hoolock hoolock,,,Hoolock_hoolock,Bunopithecus_hoolock,Hoolock_hoolock,,Hylobatidae,Extant,Ancestral,2.034694221,3.842307541,108.3164008,26,all individuals,van Woerden compilation,6955.166667,6,all individuals,van Woerden compilation (matching),matching ECV
Hylobates agilis,,,Hylobates_agilis,Hylobates_agilis,Hylobates_agilis,,Hylobatidae,Extant,Ancestral,1.982003067,3.767155866,95.94074074,27,all individuals,van Woerden compilation,5850,29,all individuals,Isler et al. 2008,Smith&Jungers 1997
Hylobates albibarbis,,,Hylobates_albibarbis,Hylobates_albibarbis,Hylobates_albibarbis,,Hylobatidae,Extant,Ancestral,1.926085087,,84.35,2,all individuals,van Woerden compilation,,,,,
Hylobates klossii,,,Hylobates_klossii,Hylobates_klossii,Hylobates_klossii,,Hylobatidae,Extant,Ancestral,1.942273445,3.76305344,87.5534865,20,all individuals,van Woerden compilation,5795,6,all individuals,Isler et al. 2008,Geissmann 1993
Hylobates lar,,,Hylobates_lar,Hylobates_lar,Hylobates_lar,,Hylobatidae,Extant,Ancestral,2.005942,3.750124152,101.3775987,237,all individuals,van Woerden compilation,5625.021053,95,all individuals,van Woerden compilation (matching),matching ECV
Hylobates moloch,,,Hylobates_moloch,Hylobates_moloch,Hylobates_moloch,,Hylobatidae,Extant,Ancestral,1.970668669,3.807196661,93.46923077,13,all individuals,van Woerden compilation,6415,2,all individuals,Isler et al. 2008 (matching),Geissmann 1993
Hylobates muelleri,,,Hylobates_muelleri,Hylobates_muelleri,Hylobates_muelleri,,Hylobatidae,Extant,Ancestral,1.979351679,3.751848549,95.35680239,66,all individuals,van Woerden compilation,5647.4,13,all individuals,van Woerden compilation (matching),matching ECV
Hylobates pileatus,,,Hylobates_pileatus,Hylobates_pileatus,Hylobates_pileatus,,Hylobatidae,Extant,Ancestral,1.927807442,3.737987326,84.68518519,9,"mean m/f, no dim",Isler et al. 2008,5470,2,all individuals,Isler et al. 2008,Smith&Jungers 1997
Indri indri,,,Indri_indri,Indri_indri,Indri_indri,,Indridae,Extant,Ancestral,1.544175311,3.81190998,35.00864574,47,all individuals,van Woerden compilation,6485,4,all individuals,Powzyk & Thalmann 2003,
Lagothrix cana,,,Lagothrix_cana,Lagothrix_cana,Lagothrix_cana,Atelinae,Atelidae,Extant,Ancestral,1.983299722,3.854913022,96.227615,18,fem,van Woerden compilation,7160,3,fem,Isler et al. 2008 (from S&J),Smith&Jungers 1997
Lagothrix lagotricha,,,Lagothrix_lagotricha,Lagothrix_lagotricha,Lagothrix_lagotricha,Atelinae,Atelidae,Extant,Ancestral,1.945558103,3.846337112,88.21818182,11,fem,van Woerden compilation,7020,9,fem,Isler et al. 2008,"Cole, p.c., in Smith&Jungers 1997"
Lagothrix lugens,,,Lagothrix_lugens,Lagothrix_lugens,Lagothrix_lugens,Atelinae,Atelidae,Extant,Ancestral,1.976808337,,94.8,2,fem,van Woerden compilation,,,,,
Lagothrix poeppigii,,,Lagothrix_poeppigii,Lagothrix_poeppigii,Lagothrix_poeppigii,Atelinae,Atelidae,Extant,Ancestral,1.935003151,3.656385719,86.1,2,fem,van Woerden compilation,4533,6,fem,Lu 1999,Di Fiore and Campbell 07
Lemur catta,,,Lemur_catta,Lemur_catta,Lemur_catta,,Lemuridae,Extant,Ancestral,1.344422961,3.340037393,22.10156167,30,all individuals,van Woerden compilation,2187.95,110,all individuals,"Sussman unpublished in ATWP 2011, Bezy Mahafaly",
Leontopithecus caissara,,,Leontopithecus_caissara,Leontopithecus_caissara,Leontopithecus_caissara,,Callitrichidae,Extant,Ancestral,,,,,,,,,,,
Leontopithecus chrysomelas,,,Leontopithecus_chrysomelas,Leontopithecus_chrysomelas,Leontopithecus_chrysomelas,,Callitrichidae,Extant,Ancestral,1.073196545,2.8162413,11.83577075,3,all individuals,van Woerden compilation,655,2,all individuals,van Woerden compilation (matching),
Leontopithecus chrysopygus,,,Leontopithecus_chrysopygus,Leontopithecus_chrysopygus,Leontopithecus_chrysopygus,,Callitrichidae,Extant,Ancestral,,,,,,,,,,,
Leontopithecus rosalia,,,Leontopithecus_rosalia,Leontopithecus_rosalia,Leontopithecus_rosalia,,Callitrichidae,Extant,Ancestral,1.100525151,2.774151859,12.60448633,20,all individuals,van Woerden compilation,594.5,80,all individuals,Isler et al. 2008,"Dietz et al. 1994,dry season"
Lepilemur edwardsi,,,Lepilemur_edwardsi,Lepilemur_edwardsi,Lepilemur_edwardsi,,Lepilemuridae,Extant,Ancestral,0.860338007,,7.25,2,all individuals,van Woerden compilation,,,,,
Lepilemur leucopus,,,Lepilemur_leucopus,Lepilemur_leucopus,Lepilemur_leucopus,,Lepilemuridae,Extant,Ancestral,0.826775374,2.782114147,6.710816667,21,all individuals,van Woerden compilation,605.5,7,all individuals,Isler et al. 2008,Smith and Jungers 1997
Lepilemur mustelinus,,,Lepilemur_mustelinus,Lepilemur_mustelinus,Lepilemur_mustelinus,,Lepilemuridae,Extant,Ancestral,0.897970543,2.905256049,7.90625,16,all individuals,van Woerden compilation,804,45,all individuals,Andriaholinirina et al 2006,
Lepilemur ruficaudatus,,,Lepilemur_ruficaudatus,Lepilemur_ruficaudatus,Lepilemur_ruficaudatus,,Lepilemuridae,Extant,Ancestral,0.879287072,2.892372907,7.573333333,15,all individuals,van Woerden compilation,780.5,34,all individuals,Zinner et al.,
Lepilemur sahamalazensis,,,Lepilemur_sahamalazensis,,,,Lepilemuridae,Extant,Ancestral,,,,,,,,,,,
Lophocebus albigena,,,Lophocebus_albigena,,Lophocebus_albigena,Cercopithecinae,Cercopithecidae,Extant,Ancestral,1.957332717,3.778874472,90.64267572,32,fem,van Woerden compilation,6010,19,fem,Isler et al. 2008,Gordon 2006
Lophocebus aterrimus,,,Lophocebus_aterrimus,Lophocebus_aterrimus,Lophocebus_aterrimus,Cercopithecinae,Cercopithecidae,Extant,Ancestral,1.942507458,3.760422483,87.600676,5,fem,van Woerden compilation,5760,6,fem,Isler et al. 2008,"Colyn 1994, and Smith&Jungers 1997"
Loris lydekkerianus,,,Loris_lydekkerianus,Loris_lydekkerianus,Loris_lydekkerianus,,Loridae,Extant,Ancestral,0.803801631,2.436162647,6.365047233,12,all individuals,van Woerden compilation,273,10,all individuals,Nekaris & Bearder 2007,
Loris tardigradus,,,Loris_tardigradus,Loris_tardigradus,Loris_tardigradus,,Loridae,Extant,Ancestral,0.731080206,2.284430734,5.383692,15,all individuals,van Woerden compilation,192.5,18,all individuals,Isler et al. 2008,
Macaca arctoides,,,Macaca_arctoides,Macaca_arctoides,Macaca_arctoides,Cercopithecinae,Cercopithecidae,Extant,Ancestral,1.997863903,3.924279286,99.5093531,4,fem,Isler et al. 2008,8400,3,fem,Isler et al. 2008,Fooden 1990 in Smith and Jungers 1997
Macaca assamensis,,,Macaca_assamensis,Macaca_assamensis,Macaca_assamensis,Cercopithecinae,Cercopithecidae,Extant,Ancestral,1.949875777,3.838849091,89.09960459,10,fem,van Woerden compilation,6900,15,fem,Isler et al. 2008,Fooden 1988 in Smith&Jungers 1997
Macaca cyclopis,,,Macaca_cyclopis,Macaca_cyclopis,Macaca_cyclopis,Cercopithecinae,Cercopithecidae,Extant,Ancestral,1.881384657,3.693726949,76.1,5,fem,van Woerden compilation,4940,4,fem,Isler et al. 2008,Rothenfluh 1976 in Smith and Jungers 1997
Macaca fascicularis,,,Macaca_fascicularis,Macaca_fascicularis,Macaca_fascicularis,Cercopithecinae,Cercopithecidae,Extant,Ancestral,1.784859326,3.54585119,60.93394923,98,fem,van Woerden compilation,3514.4,32,fem,van Woerden compilation (matching),matching ECV
Macaca fuscata,,,Macaca_fuscata,Macaca_fuscata,Macaca_fuscata,Cercopithecinae,Cercopithecidae,Extant,Ancestral,1.990782692,3.944482672,97.9,6,fem,Isler et al. 2008,8800,50,fem,Fooden 2005,
Macaca hecki,,,Macaca_hecki,Macaca_hecki,Macaca_hecki,Cercopithecinae,Cercopithecidae,Extant,Ancestral,1.97579931,3.832508913,94.58,5,fem,van Woerden compilation,6800,2,fem,Smith&Jungers 1997,"captive, Hamada et al 1995"
Macaca leonina,,,Macaca_leonina,Macaca_leonina,Macaca_leonina,Cercopithecinae,Cercopithecidae,Extant,Ancestral,1.914473202,3.677850187,82.12458767,3,fem,Isler et al. 2008,4762.666667,3,fem,van Woerden compilation (matching),matching ECV
Macaca maura,,,Macaca_maura,Macaca_maura,Macaca_maura,Cercopithecinae,Cercopithecidae,Extant,Ancestral,1.941345766,3.745494823,87.36666667,6,fem,van Woerden compilation,5565.38,13,fem,Watanabe 1987 in ATWP 2012,
Macaca mulatta,,,Macaca_mulatta,Macaca_mulatta,Macaca_mulatta,Cercopithecinae,Cercopithecidae,Extant,Ancestral,1.925166534,3.75361969,84.17178428,88,fem,Isler et al. 2008,5670.478261,46,fem,van Woerden compilation (matching),matching ECV
Macaca nemestrina,,,Macaca_nemestrina,Macaca_nemestrina,Macaca_nemestrina,Cercopithecinae,Cercopithecidae,Extant,Ancestral,1.990579685,3.815521669,97.85424828,21,fem,van Woerden compilation,6539.155556,9,fem,van Woerden compilation (matching),matching ECV
Macaca nigra,,,Macaca_nigra,Macaca_nigra,Macaca_nigra,Cercopithecinae,Cercopithecidae,Extant,Ancestral,1.908350957,3.737987326,80.975,12,fem,van Woerden compilation,5470,3,fem,Isler et al. 2008,"J. Supriatna & J. Froehlich, pc, in Smith and Jungers 1997"
Macaca ochreata,,,Macaca_ochreata,Macaca_ochreata,Macaca_ochreata,Cercopithecinae,Cercopithecidae,Extant,Ancestral,,3.805364907,,,,,6388,9,fem,Schillaci 2005 in ATWP 2012,
Macaca radiata,,,Macaca_radiata,Macaca_radiata,Macaca_radiata,Cercopithecinae,Cercopithecidae,Extant,Ancestral,1.84823353,3.586099481,70.50720999,5,fem,van Woerden compilation,3855.666667,3,fem,van Woerden compilation (matching),matching ECV
Macaca silenus,,,Macaca_silenus,Macaca_silenus,Macaca_silenus,Cercopithecinae,Cercopithecidae,Extant,Ancestral,1.892094603,3.785329835,78,2,fem,van Woerden compilation,6100,11,fem,Isler et al. 2008,"captive, Harvey et al. 1991"
Macaca sinica,,,Macaca_sinica,Macaca_sinica,Macaca_sinica,Cercopithecinae,Cercopithecidae,Extant,Ancestral,1.781036939,3.486572151,60.4,2,fem,van Woerden compilation,3066,20,fem,Cheverud 1992 in ATWP 2012,
Macaca sylvanus,,,Macaca_sylvanus,Macaca_sylvanus,Macaca_sylvanus,Cercopithecinae,Cercopithecidae,Extant,Ancestral,1.968078621,4.008600172,92.91345737,10,fem,van Woerden compilation,10200,,fem,"Camperio Ciani pers obs in ATWP 2012, Atlas Morocco",
Macaca thibetana,,,Macaca_thibetana,Macaca_thibetana,Macaca_thibetana,Cercopithecinae,Cercopithecidae,Extant,Ancestral,2.03702788,4.10720997,108.9,3,fem,van Woerden compilation,12800,,fem,"Zhao 1996 in ATWP 2012, China",
Macaca tonkeana,,,Macaca_tonkeana,Macaca_tonkeana,Macaca_tonkeana,Cercopithecinae,Cercopithecidae,Extant,Ancestral,1.972160745,3.910357557,93.79090909,11,fem,van Woerden compilation,8135,6,fem,"Supriatna 1991, Hamada 1995",
Mandrillus leucophaeus,,,Mandrillus_leucophaeus,Mandrillus_leucophaeus,Mandrillus_leucophaeus,Cercopithecinae,Cercopithecidae,Extant,Ancestral,2.124427499,3.929418926,133.17647,10,fem,van Woerden compilation,8500,12,fem,"Butynski 2009 unpublished in ATWP 2012, Bioko Island, Malbrant&Maclatchy 49 N=1",
Mandrillus sphinx,,,Mandrillus_sphinx,Mandrillus_sphinx,Mandrillus_sphinx,Cercopithecinae,Cercopithecidae,Extant,Ancestral,2.134883616,3.952162574,136.42175,8,fem,van Woerden compilation,8957,7,fem,Abernethy unpulbl in ATWP 2012,
Mico argentatus,,,Mico_argentatus,Callithrix_argentata,Mico_argentatus,,Callitrichidae,Extant,Ancestral,0.889590667,2.537819095,7.7551583,20,all individuals,van Woerden compilation,345,18,all individuals,Isler et al. 2008,
Mico humeralifer,,,Mico_humeralifer,Callithrix_humeralifera,Mico_humeralifer,,Callitrichidae,Extant,Ancestral,0.923021854,2.568201724,8.375714286,21,all individuals,van Woerden compilation,370,9,all individuals,Isler et al. 2008,
Mico intermedius,,,Mico_intermedius,,,,Callitrichidae,Extant,Ancestral,,,,,,,,,,,
Mico leucippe,,,Mico_leucippe,,,,Callitrichidae,Extant,Ancestral,,,,,,,,,,,
Microcebus arnholdi,,,Microcebus_arnholdi,Microcebus_arnholdi,Microcebus_arnholdi,,Cheirogaleidae,Extant,Ancestral,,,,,,,,,,,
Microcebus berthae,,,Microcebus_berthae,,,,Cheirogaleidae,Extant,Ancestral,,,,,,,,,,,
Microcebus griseorufus,,,Microcebus_griseorufus,,Microcebus_griseorufus,,Cheirogaleidae,Extant,Ancestral,,,,,,,,,,,
Microcebus murinus,,,Microcebus_murinus,Microcebus_murinus,Microcebus_murinus,,Cheirogaleidae,Extant,Ancestral,0.205375426,1.813580989,1.604631917,48,all individuals,van Woerden compilation,65.1,247,all individuals,Isler et al. 2008,
Microcebus rufus,,,Microcebus_rufus,Microcebus_rufus,Microcebus_rufus,,Cheirogaleidae,Extant,Ancestral,0.210926044,1.633468456,1.625271964,28,all individuals,van Woerden compilation,43,87,all individuals,Isler et al. 2008,Atsalis 1997
Miopithecus ogouensis,,,Miopithecus_ogouensis,Miopithecus_ogouensis,Miopithecus_ogouensis,Cercopithecinae,Cercopithecidae,Extant,Ancestral,1.541073699,3.193124598,34.75951424,11,fem,Isler et al. 2008,1560,11,fem,Isler et al. 2008,
Mirza coquereli,,,Mirza_coquereli,Mirza_coquereli,Mirza_coquereli,,Cheirogaleidae,Extant,Ancestral,0.762430983,2.493458051,5.7867002,10,all individuals,van Woerden compilation,311.5,168,all individuals,Isler et al. 2008,
Mirza zaza,,,Mirza_zaza,,,,Cheirogaleidae,Extant,Ancestral,,,,,,,,,,,
Nasalis larvatus,,,Nasalis_larvatus,Nasalis_larvatus,Nasalis_larvatus,Colobinae,Cercopithecidae,Extant,Ancestral,1.928636608,3.988097087,84.84702285,28,fem,van Woerden compilation,9729.647059,17,fem,van Woerden compilation (matching),matching ECV
Nomascus concolor,,,Nomascus_concolor,Nomascus_concolor,Nomascus_concolor,,Hylobatidae,Extant,Ancestral,2.099236552,3.812913357,125.6714286,7,all individuals,van Woerden compilation,6500,,all individuals,"ShiLai 1986 in ATWP 2012, subspecies concolor",
Nomascus gabriellae,,,Nomascus_gabriellae,Nomascus_gabriellae,Nomascus_gabriellae,,Hylobatidae,Extant,Ancestral,2.068350805,3.841271852,117.0444444,9,all individuals,van Woerden compilation,6938.6,15,all individuals,"Streicher 2006 pers comm in ATWP 2012, Smith&Jungers 1997",
Nomascus leucogenys,,,Nomascus_leucogenys,Nomascus_leucogenys,Nomascus_leucogenys,,Hylobatidae,Extant,Ancestral,2.086241155,3.814247596,121.9666667,6,all individuals,van Woerden compilation,6520,10,all individuals,Deputte 1981 in ATWP 2011,
Nycticebus bengalensis,,,Nycticebus_bengalensis,Nycticebus_bengalensis,Nycticebus_bengalensis,,Loridae,Extant,Ancestral,1.109652019,3.096236334,12.87217746,17,all individuals,van Woerden compilation,1248.0625,15,all individuals,ATWP 2012 diverse,
Nycticebus coucang,,,Nycticebus_coucang,Nycticebus_coucang,Nycticebus_coucang,,Loridae,Extant,Ancestral,0.998877699,2.814580516,9.974191433,46,all individuals,van Woerden compilation,652.5,100,all individuals,Isler et al. 2008,
Nycticebus javanicus,,,Nycticebus_javanicus,,,,Loridae,Extant,Ancestral,1.016193978,2.817208268,10.37991932,25,all individuals,van Woerden compilation,656.46,7,all individuals,Nekaris and Jaffe 2007 in ATWP 2012,
Nycticebus pygmaeus,,,Nycticebus_pygmaeus,Nycticebus_pygmaeus,Nycticebus_pygmaeus,,Loridae,Extant,Ancestral,0.859078936,2.62324929,7.229011833,6,all individuals,van Woerden compilation,420,167,all individuals,Nekaris & Bearder 2007,
Otolemur crassicaudatus,,,Otolemur_crassicaudatus,Otolemur_crassicaudatus,Otolemur_crassicaudatus,,Galagidae,Extant,Ancestral,1.070110175,3.06069784,11.75195649,42,all individuals,van Woerden compilation,1150,101,all individuals,Isler et al. 2008,Skinner & Smithers 1990 in Smith and Junger s1997
Otolemur garnettii,,,Otolemur_garnettii,Otolemur_garnettii,Otolemur_garnettii,,Galagidae,Extant,Ancestral,1.032067584,3.074816441,10.76632745,39,all individuals,van Woerden compilation,1188,7,all individuals,van Woerden compilation (matching),matching ECV
Pan paniscus,,,Pan_paniscus,Pan_paniscus,Pan_paniscus,,Panidae,Extant,Ancestral,2.51355052,4.521138084,326.25,4,fem,Isler et al. 2008,33200,6,fem,MyersThompson 1997 in ATWP 2012,
Pan troglodytes,,,Pan_troglodytes,Pan_troglodytes_troglodytes,Pan_troglodytes,,Panidae,Extant,Ancestral,2.553534371,4.606022888,357.7127096,80,fem,van Woerden compilation,40366.66667,33,fem,Isler et al. 2008,Smith&Jungers 1997
Papio anubis,,,Papio_anubis,Papio_anubis,Papio_anubis,Cercopithecinae,Cercopithecidae,Extant,Ancestral,2.193281702,4.086359831,156.0564423,28,fem,van Woerden compilation,12200,237,fem,Berger 1972 Kenya,
Papio cynocephalus,,,Papio_cynocephalus,Papio_cynocephalus,Papio_cynocephalus,Cercopithecinae,Cercopithecidae,Extant,Ancestral,2.174754573,4.015275907,149.5390347,13,fem,van Woerden compilation,10358,12,fem,Bentley Condit unpubl in ATWP 2012,
Papio hamadryas,,,Papio_hamadryas,Papio_hamadryas,Papio_hamadryas,Cercopithecinae,Cercopithecidae,Extant,Ancestral,2.136720567,3.995635195,137,9,fem,van Woerden compilation,9900,76,fem,Phillips-Conroy & Jolly 81,Smith&Jungers 1997
Papio papio,,,Papio_papio,Papio_papio,Papio_papio,Cercopithecinae,Cercopithecidae,Extant,Ancestral,,4.079181246,,,,,12000,,fem,Adie 1997 in ATWP 2012,
Papio ursinus,,,Papio_ursinus,Papio_ursinus,Papio_ursinus,Cercopithecinae,Cercopithecidae,Extant,Ancestral,2.217483944,4.170261715,165,14,fem,Isler et al. 2008,14800,22,fem,"Bulger&Hamilton 87, Skinner&Smithers 90",Smith&Jungers 1997
Perodicticus potto,,,Perodicticus_potto,Perodicticus_potto,Perodicticus_potto,,Loridae,Extant,Ancestral,1.096849508,2.923461987,12.49825865,122,all individuals,van Woerden compilation,838.4206897,29,all individuals,van Woerden compilation (matching),matching ECV
Phaner pallescens,,,Phaner_pallescens,Phaner_furcifer_pallescens,Phaner_pallescens,,Cheirogaleidae,Extant,Ancestral,0.824868866,2.530199698,6.681421429,7,all individuals,van Woerden compilation,339,14,all individuals,Isler et al. 2008,Schülke et al. 2004 (P. furcifer)
Pithecia albicans,,,Pithecia_albicans,Pithecia_albicans,Pithecia_albicans,,Pitheciidae,Extant,Ancestral,,,,,,,,,,,
Pithecia irrorata,,,Pithecia_irrorata,Pithecia_irrorata,Pithecia_irrorata,,Pitheciidae,Extant,Ancestral,1.56937391,3.288361027,37.1,11,all individuals,van Woerden compilation,1942.5,,all individuals,Norconk 07 review,
Pithecia monachus,,,Pithecia_monachus,Pithecia_monachus,Pithecia_monachus,,Pitheciidae,Extant,Ancestral,1.557962244,3.36035144,36.13784446,30,all individuals,van Woerden compilation,2292.722222,9,all individuals,van Woerden compilation (matching),matching ECV
Pithecia pithecia,,,Pithecia_pithecia,Pithecia_pithecia,Pithecia_pithecia,,Pitheciidae,Extant,Ancestral,1.497955968,3.214578954,31.47429189,36,all individuals,van Woerden compilation,1639,10,all individuals,van Woerden compilation (matching),matching ECV
Pongo abelii,,,Pongo_abelii,Pongo_abelii,Pongo_abelii,,Pongidae,Extant,Ancestral,2.539149172,4.614348731,346.0582218,14,fem,van Woerden compilation,41148,7,fem,van Woerden compilation (matching),matching ECV
Pongo pygmaeus,,,Pongo_pygmaeus,Pongo_pygmaeus,Pongo_pygmaeus,,Pongidae,Extant,Ancestral,2.530921585,4.567586661,339.5639565,54,fem,van Woerden compilation,36947.63636,11,fem,van Woerden compilation (matching),matching ECV
Pongo pygmaeus morio,,,Pongo_pygmaeus_morio,,,,Pongidae,Extant,Ancestral,2.518690953,4.574000383,330.1345312,4,fem,van Woerden compilation,37497.33333,3,fem,van Woerden compilation (matching),matching ECV
Pongo pygmaeus wurmbii,,,Pongo_pygmaeus_wurmbii,,,,Pongidae,Extant,Ancestral,2.527153485,4.565156883,336.6305176,30,fem,van Woerden compilation,36741.5,8,fem,van Woerden compilation (matching),matching ECV
Presbytis comata,,,Presbytis_comata,Presbytis_comata,Presbytis_comata,Colobinae,Cercopithecidae,Extant,Ancestral,1.832508913,3.82672252,68,9,fem,van Woerden compilation,6710,6,fem,Isler et al. 2008,Rothenfluh 1976 in Smith and Jungers 1997
Presbytis femoralis,,,Presbytis_femoralis,Presbytis_femoralis,Presbytis_femoralis,Colobinae,Cercopithecidae,Extant,Ancestral,1.846539124,3.832751539,70.23266115,5,fem,Isler et al. 2008,6803.8,5,fem,van Woerden compilation (matching),matching ECV
Presbytis frontata,,,Presbytis_frontata,Presbytis_frontata,Presbytis_frontata,Colobinae,Cercopithecidae,Extant,Ancestral,1.864072395,3.753583059,73.12609714,7,fem,van Woerden compilation,5670,8,fem,Smith&Jungers 1997,Willis 1995 in Smith and Jungers 1997
Presbytis hosei,,,Presbytis_hosei,Presbytis_hosei,Presbytis_hosei,Colobinae,Cercopithecidae,Extant,Ancestral,1.77831207,3.750508395,60.02222222,9,fem,van Woerden compilation,5630,3,fem,Smith&Jungers 1997,Willis 1995
Presbytis melalophos,,,Presbytis_melalophos,Presbytis_melalophos,Presbytis_melalophos,Colobinae,Cercopithecidae,Extant,Ancestral,1.787264941,3.817342967,61.27240694,22,fem,van Woerden compilation,6566.636364,11,fem,van Woerden compilation (matching),matching ECV
Presbytis potenziani,,,Presbytis_potenziani,Presbytis_potenziani,Presbytis_potenziani,Colobinae,Cercopithecidae,Extant,Ancestral,1.755684334,3.806417414,56.975,8,fem,van Woerden compilation,6403.5,,fem,Smith&Jungers 1997,"Brandon-Jones 93, Tilson & Tenaza 76"
Presbytis rubicunda,,,Presbytis_rubicunda,Presbytis_rubicunda,Presbytis_rubicunda,Colobinae,Cercopithecidae,Extant,Ancestral,1.837428632,3.793888759,68.7746885,31,fem,van Woerden compilation,6221.409091,22,fem,van Woerden compilation (matching),matching ECV
Presbytis siamensis,,,Presbytis_siamensis,Presbytis_siamensis,Presbytis_siamensis,Colobinae,Cercopithecidae,Extant,Ancestral,1.757265692,3.803895871,57.18283618,7,fem,Isler et al. 2008,6366.428571,7,fem,van Woerden compilation (matching),matching ECV
Presbytis thomasi,,,Presbytis_thomasi,Presbytis_thomasi,Presbytis_thomasi,Colobinae,Cercopithecidae,Extant,Ancestral,1.815982658,3.802801082,65.46100333,6,fem,van Woerden compilation,6350.4,2,fem,van Woerden compilation (matching),matching ECV
Procolobus badius,,,Procolobus_badius,Piliocolobus_badius,Procolobus_badius,red colobus group,Cercopithecidae,Extant,Ancestral,1.789015671,3.85324178,61.51990717,31,fem,van Woerden compilation,7132.5,8,fem,van Woerden compilation (matching),matching ECV
Procolobus kirkii,,,Procolobus_kirkii,Piliocolobus_kirkii,Procolobus_kirkii,red colobus group,Cercopithecidae,Extant,Ancestral,1.744292983,3.710399466,55.5,8,female,Isler et al. 2008,5133.333333,3,fem,van Woerden compilation (matching),matching ECV
Procolobus pennantii,,,Procolobus_pennantii,Piliocolobus_pennantii,Procolobus_pennantii,red colobus group,Cercopithecidae,Extant,Ancestral,1.855243745,3.919078092,71.65454545,11,fem,van Woerden compilation,8300,,indet,Waltert 2002 in ATWP 2011,
Procolobus preussi,,,Procolobus_preussi,Piliocolobus_preussi,Procolobus_preussi,red colobus group,Cercopithecidae,Extant,Ancestral,,,,,,,,,,,
Procolobus rufomitratus,,,Procolobus_rufomitratus,Piliocolobus_rufomitratus,Procolobus_rufomitratus,red colobus group,Cercopithecidae,Extant,Ancestral,1.848591904,3.875061263,70.56541562,10,fem,van Woerden compilation,7500,,fem,ATWP 2011,
Procolobus rufomitratus tephrosceles,,,Procolobus_rufomitratus_tephrosceles,Piliocolobus_tephrosceles,Procolobus_tephrosceles,red colobus group,Cercopithecidae,Extant,Ancestral,1.860063303,3.860816964,72.45415621,1,fem,van Woerden compilation,7258,1,fem,van Woerden compilation (matching),
Procolobus verus,,,Procolobus_verus,Procolobus_verus,Procolobus_verus,olive group,Cercopithecidae,Extant,Ancestral,1.712892019,3.62324929,51.62879856,14,fem,Isler et al. 2008,4200,14,fem,Isler et al. 2008,Oates et al. 90 in Smith and Jungers 1997
Prolemur simus,,,Prolemur_simus,Hapalemur_simus,Prolemur_simus,,Lemuridae,Extant,Ancestral,1.418747457,3.351022853,26.22693,5,all individuals,van Woerden compilation,2244,9,all individuals,Tan 2000 in ATWP 2011,
Propithecus candidus,,,Propithecus_candidus,,,,Indridae,Extant,Ancestral,1.57054294,,37.2,1,fem,van Woerden compilation,,,,,
Propithecus coquereli,,,Propithecus_coquereli,Propithecus_coquereli,Propithecus_coquereli,,Indridae,Extant,Ancestral,1.460322849,3.586587305,28.8617625,8,all individuals,van Woerden compilation,3860,33,all individuals,"Kappeler 1991, Ravosa 1993 (captive???)",
Propithecus coronatus,,,Propithecus_coronatus,,,,Indridae,Extant,Ancestral,,,,,,,,,,,
Propithecus deckenii,,,Propithecus_deckenii,Propithecus_deckenii,Propithecus_deckenii,,Indridae,Extant,Ancestral,1.447287084,3.464464707,28.00832158,19,all individuals,van Woerden compilation,2913.833333,4,all individuals,"Pastorini, pers comm; Junge 2005 in ATWP 2011",
Propithecus diadema,,,Propithecus_diadema,Propithecus_diadema,Propithecus_diadema,,Indridae,Extant,Ancestral,1.566564185,3.813247301,36.86075152,23,all individuals,van Woerden compilation,6505,11,all individuals,Powzyk & Thalmann 2003,Powzyk 1997
Propithecus edwardsi,,,Propithecus_edwardsi,Propithecus_edwardsi,Propithecus_edwardsi,,Indridae,Extant,Ancestral,1.579157564,3.768021118,37.94526268,10,all individuals,van Woerden compilation,5861.666667,21,all individuals,"ATWP 2011: Glander 1992, Lehmann 2005",
Propithecus perrieri,,,Propithecus_perrieri,,,,Indridae,Extant,Ancestral,,,,,,,,,,,
Propithecus tattersalli,,,Propithecus_tattersalli,Propithecus_tattersalli,Propithecus_tattersalli,,Indridae,Extant,Ancestral,,3.542825427,,,,,3490,18,all individuals,Ravosa 1993 ,ATWP 2011
Propithecus verreauxi,,,Propithecus_verreauxi,Propithecus_verreauxi,Propithecus_verreauxi,,Indridae,Extant,Ancestral,1.414946055,3.444521009,25.99836611,36,all individuals,van Woerden compilation,2783.05,386,all individuals,Brockman et al. Sifaka database in ATWP 2011,
Pygathrix nemaeus,,,Pygathrix_nemaeus,Pygathrix_nemaeus,Pygathrix_nemaeus,Colobinae,Cercopithecidae,Extant,Ancestral,1.977037335,3.999130541,94.85,5,all individuals,"van Woerden compilation, 89 N=4 females in Lippold in press ATwo 2011",9980,8,fem,Lippold (Vietnam field and museum notes) in ATWP 2011,
Pygathrix nigripes,,,Pygathrix_nigripes,Pygathrix_nigripes,Pygathrix_nigripes,Colobinae,Cercopithecidae,Extant,Ancestral,1.922739372,3.948618327,83.70268167,6,all individuals,van Woerden compilation,8884.2,5,fem,Vu and Willis in ATWP 2011,
Rhinopithecus avunculus,,,Rhinopithecus_avunculus,Rhinopithecus_avunculus,Rhinopithecus_avunculus,Colobinae,Cercopithecidae,Extant,Ancestral,,3.929418926,,,,,8500,,fem,Ratajszczak 1992 in ATWP 2012,
Rhinopithecus bieti,,,Rhinopithecus_bieti,Rhinopithecus_bieti,Rhinopithecus_bieti,Colobinae,Cercopithecidae,Extant,Ancestral,2.059617505,3.959041392,114.7142857,7,all individuals,van Woerden compilation,9100,7,fem,"Kirkpatrick 1998, single males ATWP 2011",
Rhinopithecus brelichi,,,Rhinopithecus_brelichi,Rhinopithecus_brelichi,Rhinopithecus_brelichi,Colobinae,Cercopithecidae,Extant,Ancestral,2.047274867,,111.5,1,fem,van Woerden compilation,,,,,
Rhinopithecus roxellana,,,Rhinopithecus_roxellana,Rhinopithecus_roxellana,Rhinopithecus_roxellana,Colobinae,Cercopithecidae,Extant,Ancestral,2.062714279,3.926102249,115.5351889,9,all individuals,van Woerden compilation,8435.333333,,fem,"Liu 1989, Quan 2002 in ATWP 2011",
Saguinus bicolor,,,Saguinus_bicolor,Saguinus_bicolor,Saguinus_bicolor,,Callitrichidae,Extant,Ancestral,0.963787827,2.632457292,9.2,1,all individuals,van Woerden compilation,429,8,all individuals,Smith&Jungers 1997,
Saguinus fuscicollis,,,Saguinus_fuscicollis,Saguinus_fuscicollis,Saguinus_fuscicollis,,Callitrichidae,Extant,Ancestral,0.911782169,2.603299063,8.161728974,43,all individuals,van Woerden compilation,401.1428571,21,all individuals,van Woerden compilation (matching),matching ECV
Saguinus geoffroyi,,,Saguinus_geoffroyi,Saguinus_geoffroyi,Saguinus_geoffroyi,,Callitrichidae,Extant,Ancestral,1.003769135,2.711543621,10.08716524,27,all individuals,van Woerden compilation,514.6875,16,all individuals,van Woerden compilation (matching),matching ECV
Saguinus imperator,,,Saguinus_imperator,Saguinus_imperator,Saguinus_imperator,,Callitrichidae,Extant,Ancestral,1.029383778,,10.7,1,all individuals,van Woerden compilation,,,,,
Saguinus inustus,,,Saguinus_inustus,,,,Callitrichidae,Extant,Ancestral,,,,,,,,,,,
Saguinus labiatus,,,Saguinus_labiatus,Saguinus_labiatus,Saguinus_labiatus,,Callitrichidae,Extant,Ancestral,1.000509969,2.716003344,10.01174938,2,all individuals,van Woerden compilation,520,2,all individuals,van Woerden compilation (matching),matching ECV
Saguinus leucopus,,,Saguinus_leucopus,Saguinus_leucopus,Saguinus_leucopus,,Callitrichidae,Extant,Ancestral,0.989080224,2.71572486,9.751697568,14,all individuals,van Woerden compilation,519.6666667,3,all individuals,van Woerden compilation (matching),matching ECV
Saguinus midas,,,Saguinus_midas,Saguinus_midas,Saguinus_midas,,Callitrichidae,Extant,Ancestral,0.99169416,2.728353782,9.810568181,25,all individuals,van Woerden compilation,535,13,all individuals,Isler et al. 2008,Gordon 2006
Saguinus mystax,,,Saguinus_mystax,Saguinus_mystax,Saguinus_mystax,,Callitrichidae,Extant,Ancestral,1.017750191,2.763708697,10.41718055,24,all individuals,van Woerden compilation,580.375,8,all individuals,van Woerden compilation (matching),matching ECV
Saguinus mystax pileatus,,,Saguinus_mystax_pileatus,Saguinus_pileatus,Saguinus_pileatus,,Callitrichidae,Extant,Ancestral,0.985251852,2.719745493,9.666112656,4,all individuals,van Woerden compilation,524.5,324,all individuals,Smith&Jungers 1997,
Saguinus niger,,,Saguinus_niger,Saguinus_niger,Saguinus_niger,,Callitrichidae,Extant,Ancestral,0.960595563,2.574031268,9.132623701,10,all individuals,van Woerden compilation,375,3,all individuals,Isler et al. 2008 (matching),matching ECV
Saguinus nigricollis,,,Saguinus_nigricollis,Saguinus_nigricollis,Saguinus_nigricollis,,Callitrichidae,Extant,Ancestral,0.949390007,2.677606953,8.9,,"mean m/f, no dim",Isler et al. 2008,476,14,all individuals,Isler et al. 2008,
Saguinus oedipus,,,Saguinus_oedipus,Saguinus_oedipus,Saguinus_oedipus,,Callitrichidae,Extant,Ancestral,0.986678384,2.630510894,9.69791524,55,all individuals,van Woerden compilation,427.0816327,49,all individuals,van Woerden compilation (matching),matching ECV
Saguinus tripartitus,,,Saguinus_tripartitus,Saguinus_tripartitus,Saguinus_tripartitus,,Callitrichidae,Extant,Ancestral,0.929418926,,8.5,1,all individuals,van Woerden compilation,,,,,
Saimiri boliviensis,,,Saimiri_boliviensis,Saimiri_boliviensis,Saimiri_boliviensis,,Cebidae,Extant,Ancestral,1.332887111,2.875061263,21.52222222,27,fem,van Woerden compilation,750,13,fem,Isler et al. 2008,"Gordon 2006, Boinski 2002?"
Saimiri oerstedii,,,Saimiri_oerstedii,Saimiri_oerstedii,Saimiri_oerstedii,,Cebidae,Extant,Ancestral,1.384467395,2.832508913,24.23636,9,fem,van Woerden compilation,680,7,fem,Isler et al. 2008,"Crile&Quiring 40, Schultz 41 in Smith and Jungers 1997"
Saimiri sciureus,,,Saimiri_sciureus,Saimiri_sciureus,Saimiri_sciureus,,Cebidae,Extant,Ancestral,1.371495795,2.914238654,23.52316718,48,fem,van Woerden compilation,820.8024691,81,all individuals,van Woerden compilation (matching),matching ECV
Saimiri ustus,,,Saimiri_ustus,,,,Cebidae,Extant,Ancestral,,,,,,,,,,,
Saimiri vanzolinii,,,Saimiri_vanzolinii,,,,Cebidae,Extant,Ancestral,,,,,,,,,,,
Sciurocheirus alleni cameronensis,,,Sciurocheirus_alleni_cameronensis,Sciurocheirus_cameronensis,Sciurocheirus_cameronensis,,Galagidae,Extant,Ancestral,0.754348336,2.42975228,5.68,13,all individuals,van Woerden compilation,269,13,all individuals,Nekaris & Bearder 2007,
Sciurocheirus gabonensis,,,Sciurocheirus_gabonensis,Sciurocheirus_gabonensis,Sciurocheirus_gabonensis,,Galagidae,Extant,Ancestral,0.728951815,2.414973348,5.357372143,7,all individuals,Isler et al. 2008,260,39,all individuals,Smith&Jungers 1997,
Semnopithecus dussumieri,,,Semnopithecus_dussumieri,Semnopithecus_dussumieri,Semnopithecus_dussumieri,Colobinae,Cercopithecidae,Extant,Ancestral,1.945940565,4.005623736,88.29590553,6,fem,van Woerden compilation,10130.33333,6,fem,van Woerden compilation (matching),matching ECV
Semnopithecus entellus,,,Semnopithecus_entellus,Semnopithecus_entellus,Semnopithecus_entellus,Colobinae,Cercopithecidae,Extant,Ancestral,1.978805,4.04044196,95.23684512,4,fem,van Woerden compilation,10975.94595,37,fem,ATWP 2011 diverse,
Semnopithecus priam,,,Semnopithecus_priam,Semnopithecus_priam,Semnopithecus_priam,Colobinae,Cercopithecidae,Extant,Ancestral,1.87674671,3.818027842,75.29163191,7,fem,van Woerden compilation,6577,2,fem,van Woerden compilation (matching),matching ECV
Semnopithecus schistaceus,,,Semnopithecus_schistaceus,Semnopithecus_schistaceus,Semnopithecus_schistaceus,Colobinae,Cercopithecidae,Extant,Ancestral,2.100805032,4.170261715,126.1261188,5,fem,van Woerden compilation,14800,9,fem,Smith&Jungers 1997,
Simias concolor,,,Simias_concolor,Simias_concolor,Simias_concolor,Colobinae,Cercopithecidae,Extant,Ancestral,1.719765245,3.832508913,52.45238555,6,fem,van Woerden compilation,6800,3,fem,Isler et al. 2008,Willis 1995 in Smith and Jungers 1997
Symphalangus syndactylus,,,Symphalangus_syndactylus,Symphalangus_syndactylus,Symphalangus_syndactylus,,Hylobatidae,Extant,Ancestral,2.095211054,4.052886235,124.5119555,64,all individuals,Isler et al. 2008,11295,17,all individuals,Isler et al. 2008,Smith&Jungers 1997
Tarsius bancanus,,,Tarsius_bancanus,Tarsius_bancanus,Tarsius_bancanus,,Tarsiidae,Extant,Ancestral,0.497998104,2.044254603,3.147734573,30,all individuals,van Woerden compilation,110.7272727,11,all individuals,van Woerden compilation (matching),matching ECV
Tarsius dentatus,,,Tarsius_dentatus,Tarsius_dentatus,Tarsius_dentatus,,Tarsiidae,Extant,Ancestral,0.47646164,,2.995447,2,all individuals,van Woerden compilation,,,,,
Tarsius lariang,,,Tarsius_lariang,,,,Tarsiidae,Extant,Ancestral,,,,,,,,,,,
Tarsius syrichta,,,Tarsius_syrichta,Tarsius_syrichta,Tarsius_syrichta,,Tarsiidae,Extant,Ancestral,0.529282664,2.11058971,3.3828494,10,all individuals,van Woerden compilation,129,14,all individuals,Gursky 07,Neri-Arboleda 2001 and Dagosto et al. 2001
Tarsius tarsier,,,Tarsius_tarsier,Tarsius_tarsier,Tarsius_tarsier,,Tarsiidae,Extant,Ancestral,0.512489766,2.066325925,3.254541143,7,all individuals,van Woerden compilation,116.5,39,all individuals,Isler et al. 2008,"Nietsch&Niemitz 1992, Gursky, pc in Smith and Jungers 1997"
Theropithecus gelada,,,Theropithecus_gelada,Theropithecus_gelada,Theropithecus_gelada,Cercopithecinae,Cercopithecidae,Extant,Ancestral,2.090693364,4.151413632,123.22345,18,fem,van Woerden compilation,14171.42857,7,fem,van Woerden compilation (matching),matching ECV
Trachypithecus auratus,,,Trachypithecus_auratus,Trachypithecus_auratus,Trachypithecus_auratus,Colobinae,Cercopithecidae,Extant,Ancestral,1.796530971,3.851258349,62.59375,16,fem,van Woerden compilation,7100,,fem,Kool 1992 in ATWP 2011,
Trachypithecus barbei,,,Trachypithecus_barbei,Trachypithecus_barbei,Trachypithecus_barbei,Colobinae,Cercopithecidae,Extant,Ancestral,,,,,,,,,,,
Trachypithecus cristatus,,,Trachypithecus_cristatus,Trachypithecus_cristatus,Trachypithecus_cristatus,Colobinae,Cercopithecidae,Extant,Ancestral,1.7664272,3.782449332,58.40193007,50,fem,van Woerden compilation,6059.675,16,fem,van Woerden compilation (matching),matching ECV
Trachypithecus francoisi,,,Trachypithecus_francoisi,Trachypithecus_francoisi,Trachypithecus_francoisi,Colobinae,Cercopithecidae,Extant,Ancestral,1.908485019,,81,1,fem,van Woerden compilation,,,,,
Trachypithecus geei,,,Trachypithecus_geei,Trachypithecus_geei,Trachypithecus_geei,Colobinae,Cercopithecidae,Extant,Ancestral,1.910090546,3.977723605,81.3,,brain: m/f mean (no dim data); body: female,Isler et al. 2008,9500,1,fem,Isler et al. 2008,Willis 1995 in Smith and Jungers 1997
Trachypithecus johnii,,,Trachypithecus_johnii,Trachypithecus_johnii,Trachypithecus_johnii,Colobinae,Cercopithecidae,Extant,Ancestral,1.892094603,4.049218023,78,3,fem,van Woerden compilation,11200,3,fem,Isler et al. 2008,Willis 1995 in Smith and Jungers 1997
Trachypithecus obscurus,,,Trachypithecus_obscurus,Trachypithecus_obscurus,Trachypithecus_obscurus,Colobinae,Cercopithecidae,Extant,Ancestral,1.773076955,3.830253535,59.30303977,31,fem,van Woerden compilation,6764.777778,18,fem,van Woerden compilation (matching),matching ECV
Trachypithecus phayrei,,,Trachypithecus_phayrei,Trachypithecus_phayrei,Trachypithecus_phayrei,Colobinae,Cercopithecidae,Extant,Ancestral,1.846349807,3.856245401,70.20205207,26,fem,van Woerden compilation,7182,3,fem,van Woerden compilation (matching),matching ECV
Trachypithecus pileatus,,,Trachypithecus_pileatus,Trachypithecus_pileatus,Trachypithecus_pileatus,Colobinae,Cercopithecidae,Extant,Ancestral,1.988361047,3.993876915,97.35562454,11,fem,van Woerden compilation,9860,5,fem,Smith&Jungers 1997,Willis 1995
Trachypithecus poliocephalus,,,Trachypithecus_poliocephalus,Trachypithecus_poliocephalus,Trachypithecus_poliocephalus,Colobinae,Cercopithecidae,Extant,Ancestral,,3.893206753,,,,,7820,6,fem,Huang 2005 in ATWP 2012,
Trachypithecus vetulus,,,Trachypithecus_vetulus,Trachypithecus_vetulus,Trachypithecus_vetulus,Colobinae,Cercopithecidae,Extant,Ancestral,1.777519161,3.754654069,59.91273709,7,fem,van Woerden compilation,5684,9,fem,Hill 1934 in ATWP 2012,
Varecia rubra,,,Varecia_rubra,Varecia_rubra,Varecia_rubra,,Lemuridae,Extant,Ancestral,1.474437348,3.54740546,29.815174,10,all individuals,van Woerden compilation,3527,3,all individuals,Vasey 2003,
Varecia variegata,,,Varecia_variegata,Varecia_variegata_variegata,Varecia_variegata,,Lemuridae,Extant,Ancestral,1.484047421,3.553276046,30.48227813,28,all individuals,van Woerden compilation,3575,18,all individuals,Isler et al. 2008,
Ardipithecus ramidus,Ar. ramidus,4.4,,,,,Hominidae,Fossil,Ancestral,,,325,,,,41450,,,,
Australopithecus afarensis,Au. afarensis,3.09,,,,,Hominidae,Fossil,Derived,,,445.8,,,,39100,,,,
Australopithecus africanus,Au. africanus,2.8,,,,,Hominidae,Fossil,Derived,,,462.33,,,,30500,,,,
Australopithecus anamensis,Au. anamensis,4.05,,,,,Hominidae,Fossil,Ancestral,,,367.5,,,,46300,,,,
Australopithecus boisei,Au. boisei,1.65,,,,,Hominidae,Fossil,Derived,,,515,,,,35300,,,,
Australopithecus aethiopicus,Au. aethiopicus,2.09,,,,,Hominidae,Fossil,Derived,,,431.75,,,,31000,,,,
Australopithecus garhi,Au. garhi,2.5,,,,,Hominidae,Fossil,Derived,,,450,,,,NA,,,,
Australopithecus robustus,Au. robustus,1.5,,,,,Hominidae,Fossil,Derived,,,493.33,,,,30100,,,,
Australopithecus sediba,Au. sediba,1.98,,,,,Hominidae,Fossil,Derived,,,420,,,,25800,,,,
Homo erectus,H. erectus,0.81,,,,,Hominidae,Fossil,Derived,,,941.44,,,,51000,,,,
Homo ergaster,H. ergaster,1.74,,,,,Hominidae,Fossil,Derived,,,850,,,,59200,,,,
Homo floresiensis,H. floresiensis,0.08,,,,,Hominidae,Fossil,Derived,,,426,,,,27500,,,,
Homo habilis,H. habilis,1.76,,,,,Hominidae,Fossil,Derived,,,551.5,,,,32600,,,,
Homo heidelbergensis,H. heidelbergensis,0.27,,,,,Hominidae,Fossil,Derived,,,1265.75,,,,70600,,,,
Homo naledi,H. naledi,0.288,,,,,Hominidae,Fossil,Derived,,,513,,,,37400,,,,
Homo neanderthalensis,H. neanderthalensis,0.08,,,,,Hominidae,Fossil,Derived,,,1487.5,,,,72100,,,,
Homo rudolfensis,H. rudolfensis,1.87,,,,,Hominidae,Fossil,Derived,,,788.5,,,,45597,,,,
Homo sapiens,H. sapiens,0.001,,,,,Hominidae,Extant,Derived,,,1349,,,,57800,,,,
Homo sapiens (fossil),H. sapiens (fossil),0.01,,,,,Hominidae,Fossil,Derived,,,1330,,,,63500,,,,